,gender,married,dependents,education,self_employed,applicantincome,coapplicantincome,loanamount,loan_amount_term,credit_history,loan_status,total_income
0,1,0,0,0,0,5849,0.0,5.1980129846265495,360.0,1.0,1,8.674025985443025
1,1,1,1,0,0,4583,1508.0,4.852030263919617,360.0,1.0,0,8.714567550836485
2,1,1,0,0,1,3000,0.0,4.189654742026425,360.0,1.0,1,8.006367567650246
3,1,1,0,1,0,2583,2358.0,4.787491742782046,360.0,1.0,1,8.50532301884575
4,1,0,0,0,0,6000,0.0,4.948759890378168,360.0,1.0,1,8.699514748210191
5,1,1,2,0,1,5417,4196.0,5.58724865840025,360.0,1.0,1,9.170871628065816
6,1,1,0,1,0,2333,1516.0,4.553876891600541,360.0,1.0,1,8.255568653283746
7,1,1,3,0,0,3036,2504.0,5.062595033026967,360.0,0.0,0,8.61974977974133
8,1,1,2,0,0,4006,1526.0,5.123963979403259,360.0,1.0,1,8.61830469278465
9,1,1,1,0,0,12841,10968.0,5.855071922202427,360.0,1.0,0,10.077818939438902
10,1,1,2,0,0,3200,700.0,4.248495242049359,360.0,1.0,1,8.268731832117737
11,1,1,2,0,0,2500,1840.0,4.6913478822291435,360.0,1.0,1,8.375629627094451
12,1,1,2,0,0,3073,8106.0,5.298317366548036,360.0,1.0,1,9.321792297270326
13,1,0,0,0,0,1853,2840.0,4.736198448394496,360.0,1.0,0,8.453827315794417
14,1,1,2,0,0,1299,1086.0,2.833213344056216,120.0,1.0,1,7.776954403322442
15,1,0,0,0,0,4950,0.0,4.8283137373023015,360.0,1.0,1,8.507142855562735
16,1,0,1,1,0,3596,0.0,4.605170185988092,240.0,1.0,1,8.18757739559151
17,0,0,0,0,0,3510,0.0,4.330733340286331,360.0,0.0,0,8.163371316459912
18,1,1,0,1,0,4887,0.0,4.890349128221754,360.0,1.0,0,8.494333897270154
19,1,1,0,0,0,2600,3500.0,4.74493212836325,360.0,1.0,1,8.716044050161402
20,1,1,0,1,0,7660,0.0,4.6443908991413725,360.0,0.0,0,8.943767262734637
21,1,1,1,0,0,5955,5625.0,5.752572638825633,360.0,1.0,1,9.357034751126987
22,1,1,0,1,0,2600,1911.0,4.7535901911063645,360.0,0.0,0,8.414274137408396
23,1,1,2,1,0,3365,1917.0,4.718498871295094,360.0,0.0,0,8.572060092857077
24,1,1,1,0,0,3717,2925.0,5.017279836814924,360.0,1.0,0,8.801168401936692
25,1,1,0,0,1,9560,0.0,5.25227342804663,360.0,1.0,1,9.165343006045447
26,1,1,0,0,0,2799,2253.0,4.804021044733257,360.0,1.0,1,8.527539483470381
27,1,1,2,1,0,4226,1040.0,4.700480365792417,360.0,1.0,1,8.569026340056254
28,1,0,0,1,0,1442,0.0,3.5553480614894135,360.0,1.0,0,7.273786317844895
29,0,0,2,0,0,3750,2083.0,4.787491742782046,360.0,1.0,1,8.671286726753637
30,1,1,1,0,0,4166,3369.0,5.303304908059076,360.0,1.0,0,8.927314111060596
31,1,0,0,0,0,3167,0.0,4.30406509320417,360.0,1.0,0,8.06054004653864
32,1,0,1,0,1,4692,0.0,4.663439094112067,360.0,1.0,0,8.453614209773367
33,1,1,0,0,0,3500,1667.0,4.736198448394496,360.0,1.0,1,8.550047528287184
34,1,0,3,0,0,12500,3000.0,5.768320995793772,360.0,1.0,0,9.648595302907339
35,1,1,0,0,0,2275,2067.0,4.770498352694613,360.0,1.0,1,8.376090350438238
36,1,1,0,0,0,1828,1330.0,4.605170185988092,360.0,0.0,0,8.057694194815587
37,0,1,0,0,0,3667,1459.0,4.969813299576001,360.0,1.0,1,8.542080906924017
38,1,0,0,0,0,4166,7210.0,5.214935757608986,360.0,1.0,1,9.339261152043022
39,1,0,0,1,0,3748,1668.0,4.700480365792417,360.0,1.0,1,8.59711281459211
40,1,0,0,0,0,3600,0.0,4.382026634673881,360.0,1.0,0,8.1886891244442
41,1,0,0,0,0,1800,1213.0,3.8501476017100584,360.0,1.0,1,8.0106915391303
42,1,1,0,0,0,2400,0.0,4.31748811353631,360.0,1.0,1,7.783224016336037
43,1,1,0,0,0,3941,2336.0,4.897839799950911,360.0,1.0,1,8.744647438317532
44,1,1,0,1,1,4695,0.0,4.564348191467836,360.0,1.0,1,8.454253391642363
45,0,0,0,0,0,3410,0.0,4.477336814478207,360.0,1.0,1,8.134467570277563
46,1,1,1,0,0,5649,0.0,3.784189633918261,360.0,1.0,1,8.639233817325263
47,1,1,0,0,0,5821,0.0,4.969813299576001,360.0,1.0,1,8.669227347271736
48,0,1,0,0,0,2645,3440.0,4.787491742782046,360.0,0.0,0,8.713582005421628
49,0,0,0,0,0,4000,2275.0,4.969813299576001,360.0,1.0,1,8.744328763999984
50,0,1,0,1,0,1928,1644.0,4.605170185988092,360.0,1.0,1,8.18088094199639
51,0,0,0,0,0,3086,0.0,4.787491742782046,360.0,1.0,1,8.034631032923107
52,0,0,0,0,0,4230,0.0,4.718498871295094,360.0,1.0,0,8.349957272040324
53,1,1,2,0,0,4616,0.0,4.897839799950911,360.0,1.0,0,8.437283808187935
54,0,1,1,0,1,11500,0.0,5.655991810819852,360.0,0.0,0,9.350102314351341
55,1,1,2,0,0,2708,1167.0,4.574710978503383,360.0,1.0,1,8.262300941787448
56,1,1,0,0,0,2132,1591.0,4.564348191467836,360.0,1.0,1,8.222285073872717
57,1,1,0,0,0,3366,2200.0,4.90527477843843,360.0,1.0,0,8.624431942085836
58,1,1,1,0,0,8080,2250.0,5.19295685089021,360.0,1.0,1,9.242807562113684
59,1,1,2,1,0,3357,2859.0,4.969813299576001,360.0,1.0,1,8.734881892047483
60,1,1,0,0,0,2500,3796.0,4.787491742782046,360.0,1.0,1,8.74766979009724
61,1,1,3,0,0,3029,0.0,4.59511985013459,360.0,1.0,1,8.015987811027237
62,1,1,0,1,1,2609,3449.0,5.10594547390058,180.0,0.0,0,8.709134991587183
63,1,1,1,0,0,4945,0.0,4.770498352694613,360.0,0.0,0,8.506132244056813
64,0,0,0,0,0,4166,0.0,4.7535901911063645,360.0,0.0,0,8.334711621820917
65,1,1,0,0,0,5726,4595.0,5.552959584921617,360.0,1.0,0,9.241935933565934
66,1,0,0,1,0,3200,2254.0,4.836281906951478,180.0,0.0,0,8.604104563405533
67,1,1,1,0,0,10750,0.0,5.7430031878094825,360.0,1.0,1,9.28266103355581
68,1,1,3,1,1,7100,0.0,4.8283137373023015,60.0,1.0,1,8.867850063029406
69,0,0,0,0,0,4300,0.0,4.912654885736052,360.0,0.0,0,8.366370301681654
70,1,1,0,0,0,3208,3066.0,5.147494476813453,360.0,1.0,1,8.744169388750624
71,1,1,2,1,1,1875,1875.0,4.574710978503383,360.0,1.0,1,8.229511118964457
72,1,0,0,0,0,3500,0.0,4.394449154672439,300.0,1.0,1,8.160518247477505
73,1,1,3,1,0,4755,0.0,4.553876891600541,360.0,0.0,0,8.46695197497949
74,1,1,3,0,1,5266,1774.0,5.231108616854587,360.0,1.0,1,8.859363449152088
75,1,0,0,0,0,3750,0.0,4.727387818712341,480.0,1.0,0,8.229511118964457
76,1,0,0,0,0,3750,4750.0,5.170483995038151,360.0,1.0,0,9.047821442478408
77,1,1,1,0,1,1000,3022.0,4.700480365792417,360.0,1.0,0,8.299534570332597
78,1,1,3,0,0,3167,4000.0,5.19295685089021,300.0,0.0,0,8.877242435993919
79,1,1,3,1,1,3333,2166.0,4.867534450455582,360.0,1.0,1,8.612321536507814
80,0,0,0,0,0,3846,0.0,4.709530201312334,360.0,1.0,1,8.254788926148725
81,1,1,1,0,1,2395,0.0,4.770498352694613,360.0,1.0,1,7.781138509845015
82,0,1,2,0,0,1378,1881.0,5.117993812416755,360.0,1.0,0,8.089175678837561
83,1,1,0,0,0,6000,2250.0,5.579729825986222,360.0,1.0,0,9.017968479328726
84,1,1,1,0,0,3988,0.0,3.912023005428146,240.0,1.0,1,8.291045131081729
85,1,0,0,0,0,2366,2531.0,4.912654885736052,360.0,1.0,1,8.496378051702317
86,1,1,2,1,0,3333,2000.0,4.59511985013459,360.0,1.0,1,8.581669210600602
87,1,1,0,0,0,2500,2118.0,4.6443908991413725,360.0,1.0,1,8.43771698991444
88,1,0,0,0,0,8566,0.0,5.3471075307174685,360.0,1.0,1,9.055556158175316
89,1,1,0,0,0,5695,4167.0,5.1647859739235145,360.0,1.0,1,9.196444266784072
90,1,1,0,0,0,2958,2900.0,4.875197323201151,360.0,1.0,1,8.675563527387679
91,1,1,2,0,0,6250,5654.0,5.236441962829949,180.0,1.0,1,9.384629757072872
92,1,1,2,1,0,3273,1820.0,4.394449154672439,360.0,1.0,1,8.535622326884605
93,1,0,0,0,0,4133,0.0,4.804021044733257,360.0,1.0,1,8.326758814511733
94,1,0,0,1,0,3620,0.0,3.2188758248682006,120.0,1.0,1,8.194229304819817
95,1,0,0,0,0,6782,0.0,5.1980129846265495,360.0,1.0,0,8.822027322685583
96,0,1,0,0,0,2484,2302.0,4.919980925828125,360.0,1.0,1,8.47345026846832
97,1,1,0,0,0,1977,997.0,3.912023005428146,360.0,1.0,1,7.9976631270201
98,1,1,0,1,0,4188,0.0,4.74493212836325,180.0,1.0,1,8.339978571990427
99,1,1,0,0,0,1759,3541.0,4.875197323201151,360.0,1.0,1,8.575462099540212
100,1,1,2,1,0,4288,3263.0,4.890349128221754,180.0,1.0,1,8.929435283803425
101,1,0,0,0,0,4843,3806.0,5.017279836814924,360.0,1.0,1,9.065198986306513
102,1,1,0,0,0,13650,0.0,5.6468050399136605,360.0,1.0,1,9.521494800613105
103,1,1,0,0,0,4652,3583.0,4.770498352694613,360.0,1.0,1,9.016148642611741
104,1,1,0,0,0,3816,754.0,5.075173815233827,360.0,1.0,1,8.42726848388825
105,1,1,1,0,0,3052,1030.0,4.605170185988092,360.0,1.0,1,8.31434234336979
106,1,1,2,0,0,11417,1126.0,5.41610040220442,360.0,1.0,1,9.436918020024674
107,1,0,0,1,0,7333,0.0,4.787491742782046,360.0,1.0,0,8.9001399880938
108,1,1,2,0,0,3800,3600.0,5.375278407684165,360.0,0.0,0,8.909235279192261
109,1,1,3,1,0,2071,754.0,4.543294782270004,480.0,1.0,1,7.946263643580541
110,1,0,0,0,0,5316,0.0,4.912654885736052,360.0,1.0,1,8.578476419833136
111,0,1,0,0,0,2929,2333.0,4.9344739331306915,360.0,1.0,1,8.568266461600238
112,1,1,0,1,0,3572,4114.0,5.0238805208462765,360.0,0.0,0,8.94715577112479
113,0,0,1,0,1,7451,0.0,5.1980129846265495,360.0,1.0,1,8.916103530553727
114,1,0,0,0,0,5050,0.0,4.770684624465665,360.0,1.0,1,8.527143522269405
115,1,1,1,0,0,14583,0.0,5.220355825078324,180.0,1.0,1,9.587611745713565
116,0,1,0,0,0,3167,2283.0,5.0369526024136295,360.0,1.0,1,8.60337088765729
117,1,1,1,0,0,2214,1398.0,4.442651256490317,360.0,1.0,1,8.192016914536875
118,1,1,0,0,0,5568,2142.0,5.1647859739235145,360.0,1.0,0,8.950273466557375
119,0,0,0,0,0,10408,0.0,5.556828061699537,360.0,1.0,1,9.250330020192342
120,1,1,0,0,0,5667,2667.0,5.19295685089021,360.0,1.0,1,9.0280988119824
121,0,0,0,0,0,4166,0.0,3.784189633918261,360.0,1.0,1,8.334711621820917
122,0,0,0,0,0,2137,8980.0,4.919980925828125,360.0,0.0,1,9.316230747233615
123,1,1,2,0,0,2957,0.0,4.394449154672439,360.0,1.0,1,7.9919305198524775
124,1,1,0,1,0,4300,2014.0,5.267858159063328,360.0,1.0,1,8.750524669117937
125,0,0,0,0,0,3692,0.0,4.532599493153256,360.0,1.0,1,8.213923595622743
126,1,1,3,0,0,23803,0.0,5.91350300563827,360.0,1.0,1,10.077566902136047
127,1,0,0,0,0,3865,1640.0,4.770498352694613,360.0,1.0,1,8.61341204915678
128,1,1,1,0,1,10513,3850.0,5.075173815233827,180.0,0.0,0,9.572410734431823
129,1,1,0,0,0,6080,2569.0,5.204006687076795,360.0,1.0,0,9.065198986306513
130,1,0,0,0,1,20166,0.0,6.476972362889683,480.0,1.0,1,9.91175329695316
131,1,0,0,0,0,2014,1929.0,4.30406509320417,360.0,1.0,1,8.279697133877628
132,1,0,0,0,0,2718,0.0,4.248495242049359,360.0,1.0,1,7.907651594711089
133,1,1,0,0,1,3459,0.0,3.2188758248682006,120.0,1.0,1,8.148734808937169
134,1,0,0,0,0,4895,0.0,4.624972813284271,360.0,1.0,1,8.49596955496461
135,1,1,3,0,0,4000,7750.0,5.66988092298052,360.0,1.0,0,9.371608519572305
136,0,1,0,0,0,4583,0.0,4.430816798843313,360.0,1.0,0,8.430109084509125
137,1,1,2,0,1,3316,3500.0,4.477336814478207,360.0,1.0,1,8.827028068509152
138,1,0,0,0,0,14999,0.0,5.488937726156687,360.0,0.0,0,9.61573881119536
139,1,1,2,1,0,4200,1430.0,4.859812404361672,360.0,1.0,0,8.635864721133736
140,1,1,2,0,0,5042,2083.0,5.220355825078324,360.0,1.0,0,8.871365005136852
141,1,0,0,0,0,5417,0.0,5.123963979403259,360.0,1.0,1,8.597297435657898
142,1,0,0,0,1,6950,0.0,5.1647859739235145,180.0,1.0,1,8.846496938558838
143,1,1,0,0,0,2698,2034.0,4.804021044733257,360.0,1.0,1,8.462103225098277
144,1,1,2,0,0,11757,0.0,5.231108616854587,180.0,1.0,1,9.372204086867741
145,0,1,0,0,0,2330,4486.0,4.605170185988092,360.0,1.0,1,8.827028068509152
146,0,1,2,0,0,14866,0.0,4.248495242049359,360.0,1.0,1,9.60683200528524
147,1,1,1,0,0,1538,1425.0,3.4011973816621555,360.0,1.0,1,7.993957547573565
148,0,0,0,0,0,10000,1666.0,5.41610040220442,360.0,1.0,0,9.364433907313582
149,1,1,0,0,0,4860,830.0,4.8283137373023015,360.0,1.0,1,8.646465527120377
150,1,0,0,0,0,6277,0.0,4.770684624465665,360.0,0.0,0,8.744647438317532
151,1,1,0,0,1,2577,3750.0,5.0238805208462765,360.0,1.0,1,8.752581469146884
152,1,0,0,0,0,9166,0.0,5.497168225293202,360.0,1.0,0,9.123256265069069
153,1,1,2,1,0,2281,0.0,4.727387818712341,360.0,1.0,0,7.732369222284388
154,1,0,0,0,0,3254,0.0,3.912023005428146,360.0,1.0,1,8.087640287778983
155,1,1,3,0,0,39999,0.0,6.396929655216146,180.0,0.0,1,10.596609732783568
156,1,1,1,0,0,6000,0.0,5.075173815233827,360.0,1.0,1,8.699514748210191
157,1,1,1,0,0,9538,0.0,5.231108616854587,360.0,1.0,1,9.16303909885817
158,1,0,0,0,0,2980,2083.0,4.787491742782046,360.0,1.0,1,8.529714471969909
159,1,1,0,0,0,4583,5625.0,5.541263545158426,360.0,1.0,1,9.23092700558457
160,1,1,0,1,0,1863,1041.0,4.584967478670572,360.0,1.0,1,7.973844375944687
161,1,1,0,0,0,7933,0.0,5.616771097666572,360.0,1.0,0,8.978786553302003
162,1,1,1,0,0,3089,1280.0,4.795790545596741,360.0,0.0,0,8.382289428951436
163,1,1,2,0,0,4167,1447.0,5.062595033026967,360.0,1.0,1,8.633018756921828
164,1,1,0,0,0,9323,0.0,4.31748811353631,180.0,1.0,1,9.140239744296693
165,1,1,0,0,0,3707,3166.0,5.204006687076795,360.0,1.0,1,8.835355971121606
166,0,1,0,0,0,4583,0.0,4.718498871295094,360.0,1.0,0,8.430109084509125
167,1,1,0,0,0,2439,3333.0,4.859812404361672,360.0,1.0,1,8.660773919893762
168,1,0,0,0,0,2237,0.0,4.143134726391533,480.0,0.0,0,7.71289096149013
169,1,1,2,0,0,8000,0.0,5.298317366548036,360.0,1.0,1,8.987196820661973
170,1,1,0,1,0,1820,1769.0,4.553876891600541,360.0,1.0,1,8.185628891147607
171,1,1,3,0,0,51763,0.0,6.551080335043404,300.0,1.0,1,10.854430887309706
172,1,1,3,1,0,3522,0.0,4.394449154672439,180.0,1.0,0,8.166784289056151
173,1,1,0,0,0,5708,5625.0,5.231108616854587,360.0,1.0,1,9.335474102732949
174,1,1,0,1,1,4344,736.0,4.465908118654584,360.0,1.0,0,8.533066540572527
175,1,1,0,0,0,3497,1964.0,4.7535901911063645,360.0,1.0,1,8.605387202152153
176,1,1,2,0,0,2045,1619.0,4.61512051684126,360.0,1.0,1,8.20631072579402
177,1,1,3,0,0,5516,11300.0,6.20455776256869,360.0,0.0,0,9.730086093116732
178,1,1,1,0,0,3750,0.0,4.7535901911063645,360.0,1.0,1,8.229511118964457
179,1,0,0,1,0,2333,1451.0,4.624972813284271,480.0,0.0,0,8.238536930171769
180,1,1,1,0,0,6400,7250.0,5.19295685089021,360.0,0.0,0,9.521494800613105
181,1,0,0,0,0,1916,5063.0,4.204692619390966,360.0,1.0,0,8.850660919017152
182,1,1,0,0,0,4600,0.0,4.290459441148391,180.0,1.0,1,8.433811582477187
183,1,1,1,0,0,33846,0.0,5.560681631015528,360.0,1.0,0,10.429576102968031
184,0,1,0,0,0,3625,0.0,4.68213122712422,360.0,1.0,1,8.195609567288775
185,1,1,0,0,1,39147,4750.0,4.787491742782046,360.0,1.0,1,10.689601259598334
186,1,1,1,0,1,2178,0.0,4.189654742026425,300.0,0.0,0,7.686162303492906
187,1,1,0,0,0,2383,2138.0,4.060443010546419,360.0,1.0,1,8.416488487294606
188,1,1,0,0,1,674,5296.0,5.123963979403259,360.0,1.0,1,8.694502206386648
189,1,1,0,0,0,9328,0.0,5.236441962829949,180.0,1.0,1,9.140775908590273
190,1,0,0,1,0,4885,0.0,3.871201010907891,360.0,1.0,1,8.493924564476883
191,1,0,0,0,0,12000,0.0,5.099866427824199,360.0,1.0,0,9.392661928770137
192,1,1,0,1,0,6033,0.0,5.075173815233827,360.0,1.0,0,8.704999678440762
193,1,0,0,0,0,3858,0.0,4.330733340286331,360.0,1.0,1,8.257904193465674
194,1,0,0,0,0,4191,0.0,4.787491742782046,360.0,1.0,1,8.340694647925071
195,1,1,1,0,0,3125,2583.0,5.135798437050262,360.0,1.0,0,8.649623978596727
196,1,0,0,0,0,8333,3750.0,5.231108616854587,360.0,1.0,1,9.399554785027307
197,0,0,0,1,0,1907,2365.0,4.787491742782046,360.0,1.0,1,8.35983738064003
198,0,1,0,0,0,3416,2816.0,4.727387818712341,360.0,1.0,1,8.737452587550584
199,1,0,0,0,1,11000,0.0,4.418840607796598,360.0,1.0,0,9.305650551780507
200,1,1,1,1,0,2600,2500.0,4.499809670330265,360.0,1.0,1,8.536995818712418
201,1,0,2,0,0,4923,0.0,5.111987788356544,360.0,0.0,1,8.5016733797582
202,1,1,3,1,0,3992,0.0,4.770498352694613,180.0,1.0,0,8.292047637431354
203,1,1,1,1,0,3500,1083.0,4.90527477843843,360.0,1.0,1,8.430109084509125
204,1,1,2,1,0,3917,0.0,4.820281565605037,360.0,1.0,1,8.27308133366583
205,0,0,0,1,0,4408,0.0,4.787491742782046,360.0,1.0,1,8.391176350832751
206,0,0,0,0,0,3244,0.0,4.382026634673881,360.0,1.0,1,8.084562415235304
207,1,0,0,1,0,3975,2531.0,4.007333185232471,360.0,1.0,1,8.780480107033297
208,1,0,0,0,0,2479,0.0,4.07753744390572,360.0,1.0,1,7.8156105320351905
209,1,0,0,0,0,3418,0.0,4.844187086458591,360.0,1.0,0,8.136810863675537
210,0,0,0,0,0,10000,0.0,5.365976015021851,360.0,1.0,0,9.210340371976184
211,1,1,3,0,0,3430,1250.0,4.852030263919617,360.0,0.0,0,8.451053388911692
212,1,1,1,0,1,7787,0.0,5.480638923341991,360.0,1.0,1,8.960210955576986
213,1,1,3,1,1,5703,0.0,4.867534450455582,360.0,1.0,1,8.648747631156539
214,1,1,0,0,0,3173,3021.0,4.919980925828125,360.0,1.0,1,8.731336360533149
215,1,1,3,1,0,3850,983.0,4.605170185988092,360.0,1.0,1,8.483222671845084
216,1,1,0,0,0,150,1800.0,4.90527477843843,360.0,1.0,0,7.575584651557793
217,1,1,0,0,0,3727,1775.0,4.875197323201151,360.0,1.0,1,8.61286694148452
218,1,1,2,0,0,5000,0.0,4.276666119016055,360.0,0.0,0,8.517193191416238
219,0,1,2,0,0,4283,2383.0,4.844187086458591,360.0,1.0,1,8.804775258867686
220,1,1,0,0,0,2221,0.0,4.0943445622221,360.0,0.0,0,7.7057128238944275
221,1,1,2,0,0,4009,1717.0,4.7535901911063645,360.0,1.0,1,8.65277248565806
222,1,0,0,0,0,2971,2791.0,4.969813299576001,360.0,1.0,1,8.659039915644474
223,1,1,0,0,0,7578,1010.0,5.1647859739235145,360.0,1.0,1,9.058121158998672
224,1,1,0,0,0,6250,0.0,4.852030263919617,360.0,1.0,1,8.740336742730447
225,1,1,0,0,0,3250,0.0,5.135798437050262,360.0,1.0,0,8.086410275323782
226,1,1,0,1,1,4735,0.0,4.927253685157205,360.0,1.0,0,8.462737005620179
227,1,1,2,0,0,6250,1695.0,5.3471075307174685,360.0,1.0,1,8.980298078970817
228,1,1,0,0,0,4758,0.0,5.062595033026967,480.0,1.0,1,8.467582690862903
229,1,0,0,0,1,6400,0.0,5.298317366548036,360.0,1.0,1,8.764053269347762
230,1,1,1,0,0,2491,2054.0,4.6443908991413725,360.0,1.0,1,8.421783006611578
231,1,1,0,0,0,3716,0.0,3.7376696182833684,180.0,1.0,1,8.22040309993373
232,1,0,0,1,0,3189,2598.0,4.787491742782046,360.0,1.0,1,8.663369301573839
233,0,0,0,0,0,8333,0.0,5.634789603169249,360.0,1.0,1,9.027978814382207
234,1,1,1,0,0,3155,1779.0,4.941642422609304,360.0,1.0,1,8.503905297089302
235,1,1,1,0,0,5500,1260.0,5.135798437050262,360.0,1.0,1,8.81877816903701
236,1,1,0,0,0,5746,0.0,5.541263545158426,360.0,1.0,0,8.656259239539235
237,0,0,0,0,1,3463,0.0,4.804021044733257,360.0,1.0,1,8.149890544402423
238,0,0,1,0,0,3812,0.0,4.718498871295094,360.0,1.0,1,8.245909264774093
239,1,1,1,0,0,3315,0.0,4.564348191467836,360.0,1.0,1,8.106212902619962
240,1,1,2,0,0,5819,5000.0,4.787491742782046,360.0,1.0,1,9.289059126687574
241,1,1,1,1,0,2510,1983.0,4.941642422609304,180.0,1.0,0,8.41027590907016
242,1,0,0,0,0,2965,5701.0,5.043425116919247,60.0,1.0,1,9.067162602299854
243,1,1,2,0,1,6250,1300.0,4.68213122712422,360.0,1.0,1,8.92930284224307
244,1,1,0,1,0,3406,4417.0,4.812184355372417,360.0,1.0,1,8.96482339168508
245,1,0,0,0,1,6050,4333.0,4.787491742782046,180.0,1.0,0,9.247925132303454
246,1,1,2,0,0,9703,0.0,4.718498871295094,360.0,1.0,1,9.1801903950253
247,1,1,1,1,0,6608,0.0,4.919980925828125,180.0,1.0,1,8.796036315200814
248,1,1,1,0,0,2882,1843.0,4.812184355372417,480.0,1.0,1,8.460622839927844
249,1,1,0,0,0,1809,1868.0,4.499809670330265,360.0,1.0,1,8.209852481301272
250,1,1,0,1,0,1668,3890.0,5.303304908059076,360.0,0.0,0,8.62299361030245
251,0,0,2,0,0,3427,0.0,4.927253685157205,360.0,1.0,0,8.139440521874608
252,1,0,0,1,1,2583,2167.0,4.6443908991413725,360.0,1.0,1,8.465899897028686
253,1,1,1,1,0,2661,7101.0,5.631211781821365,180.0,1.0,1,9.186252576447092
254,1,0,0,0,1,16250,0.0,5.2574953720277815,360.0,0.0,0,9.695848187757884
255,0,0,3,0,0,3083,0.0,5.541263545158426,360.0,1.0,1,8.03365842788615
256,1,0,0,1,0,6045,0.0,4.74493212836325,360.0,0.0,0,8.706986763048892
257,1,1,3,0,0,5250,0.0,4.543294782270004,360.0,1.0,0,8.565983355585669
258,1,1,0,0,0,14683,2100.0,5.717027701406222,360.0,1.0,0,9.72812174830818
259,1,1,3,1,0,4931,0.0,4.852030263919617,360.0,1.0,0,8.503297086224126
260,1,1,1,0,0,6083,4250.0,5.799092654460526,360.0,1.0,1,9.243097936214355
261,1,0,0,0,0,2060,2209.0,4.897839799950911,360.0,1.0,1,8.359134886757962
262,0,0,1,0,0,3481,0.0,5.043425116919247,36.0,1.0,0,8.15507488781144
263,0,0,0,0,0,7200,0.0,4.787491742782046,360.0,1.0,1,8.881836305004146
264,1,0,0,0,1,5166,0.0,4.852030263919617,360.0,1.0,1,8.549853973655786
265,1,0,0,0,0,4095,3447.0,5.017279836814924,360.0,1.0,1,8.928242677818302
266,1,1,2,0,0,4708,1387.0,5.0106352940962555,360.0,1.0,1,8.715224041915372
267,1,1,3,0,0,4333,1811.0,5.075173815233827,360.0,0.0,1,8.723231274827508
268,0,0,0,0,0,3418,0.0,4.90527477843843,360.0,1.0,0,8.136810863675537
269,0,0,1,0,0,2876,1560.0,4.499809670330265,360.0,1.0,1,8.397508348470257
270,0,0,0,0,0,3237,0.0,3.4011973816621555,360.0,1.0,1,8.082402253926244
271,1,1,0,0,0,11146,0.0,4.912654885736052,360.0,1.0,1,9.318835968129482
272,1,0,0,0,0,2833,1857.0,4.836281906951478,360.0,1.0,1,8.453187861440325
273,1,1,0,0,0,2620,2223.0,5.0106352940962555,360.0,1.0,1,8.48528964240323
274,1,1,2,0,0,3900,0.0,4.499809670330265,360.0,1.0,1,8.268731832117737
275,1,1,1,0,0,2750,1842.0,4.74493212836325,360.0,1.0,1,8.432070937999402
276,1,1,0,0,0,3993,3274.0,5.332718793265369,360.0,1.0,1,8.891098830616636
277,1,1,0,0,0,3103,1300.0,4.382026634673881,360.0,1.0,1,8.390041405755754
278,1,1,0,0,0,14583,0.0,6.077642243349034,360.0,1.0,1,9.587611745713565
279,0,1,0,1,0,4100,0.0,4.820281565605037,360.0,1.0,1,8.318742252692399
280,1,0,1,1,1,4053,2426.0,5.062595033026967,360.0,0.0,0,8.776321456449958
281,1,1,0,0,0,3927,800.0,4.718498871295094,360.0,1.0,1,8.461046030793236
282,1,1,2,0,0,2301,985.7999878,4.356708826689592,180.0,1.0,1,8.097669722345216
283,0,0,0,0,0,1811,1666.0,3.9889840465642745,360.0,1.0,1,8.153925132007862
284,1,1,0,0,0,20667,0.0,5.6468050399136605,360.0,1.0,0,9.936293504261306
285,1,0,0,0,0,3158,3053.0,4.48863636973214,360.0,1.0,1,8.734077192559303
286,0,0,0,0,1,2600,1717.0,4.59511985013459,300.0,1.0,0,8.370315995555478
287,1,1,0,0,0,3704,2000.0,4.787491742782046,360.0,1.0,1,8.648922962094131
288,0,0,0,0,0,4124,0.0,4.74493212836325,360.0,1.0,1,8.32457884513685
289,1,0,0,0,0,9508,0.0,5.231108616854587,360.0,1.0,1,9.159888828480085
290,1,1,0,0,0,3075,2416.0,4.9344739331306915,360.0,1.0,1,8.610865667278873
291,1,1,2,0,0,4400,0.0,4.844187086458591,360.0,0.0,0,8.389359819906353
292,1,1,2,0,0,3153,1560.0,4.897839799950911,360.0,1.0,1,8.45807992692373
293,0,0,0,0,0,5417,0.0,4.962844630259907,480.0,0.0,0,8.597297435657898
294,1,1,0,0,0,2383,3334.0,5.147494476813453,360.0,1.0,1,8.651199471263972
295,1,1,3,0,0,4416,1250.0,4.700480365792417,360.0,1.0,1,8.642238680390461
296,1,1,1,0,0,6875,0.0,5.298317366548036,360.0,1.0,1,8.835646922534773
297,0,1,1,0,0,4666,0.0,4.90527477843843,360.0,1.0,1,8.448057452581375
298,0,0,0,0,0,5000,2541.0,5.017279836814924,480.0,1.0,0,8.928110078202646
299,1,1,1,0,0,2014,2925.0,4.727387818712341,360.0,1.0,0,8.504918160540624
300,1,1,0,1,0,1800,2934.0,4.532599493153256,360.0,0.0,0,8.46252579007393
301,1,1,0,1,0,2875,1750.0,4.653960350157523,360.0,1.0,1,8.439231649946526
302,0,0,0,0,0,5000,0.0,4.882801922586371,360.0,1.0,1,8.517193191416238
303,1,1,1,0,0,1625,1803.0,4.564348191467836,360.0,1.0,1,8.13973227971767
304,1,0,0,0,0,4000,2500.0,4.941642422609304,360.0,1.0,1,8.779557455883728
305,1,0,0,1,0,2000,0.0,4.770498352694613,360.0,1.0,0,7.600902459542082
306,0,0,0,0,0,3762,1666.0,4.90527477843843,360.0,1.0,1,8.59932602095476
307,0,0,0,0,0,2400,1863.0,4.6443908991413725,360.0,0.0,0,8.35772841676521
308,1,0,0,0,0,20233,0.0,6.173786103901937,360.0,1.0,0,9.915070213779195
309,1,1,2,1,0,7667,0.0,5.220355825078324,360.0,1.0,1,8.944680683558895
310,0,0,0,0,0,2917,0.0,4.430816798843313,360.0,1.0,1,7.978310969867722
311,1,0,0,1,0,2927,2405.0,4.709530201312334,360.0,1.0,1,8.5814816812986
312,0,0,0,0,0,2507,0.0,4.02535169073515,360.0,1.0,1,7.826842098158293
313,1,1,2,0,1,5746,0.0,4.969813299576001,84.0,1.0,1,8.656259239539235
314,1,1,0,0,0,2473,1843.0,5.0689042022202315,360.0,1.0,0,8.370084326378025
315,1,1,1,1,0,3399,1640.0,4.709530201312334,180.0,1.0,1,8.524962928680598
316,1,1,2,0,0,3717,0.0,4.787491742782046,360.0,1.0,1,8.220672170297252
317,1,1,0,0,0,2058,2134.0,4.477336814478207,360.0,1.0,1,8.340933226000878
318,0,0,1,0,0,3541,0.0,4.718498871295094,360.0,1.0,1,8.172164452111904
319,1,1,1,0,1,10000,0.0,5.043425116919247,360.0,1.0,0,9.210340371976184
320,1,1,0,0,0,2400,2167.0,4.74493212836325,360.0,1.0,1,8.426611813185
321,1,1,3,0,0,4342,189.0,4.820281565605037,360.0,1.0,1,8.418697944667139
322,1,1,2,1,0,3601,1590.0,4.770498352694613,360.0,1.0,1,8.55468163582723
323,0,0,0,0,0,3166,2985.0,4.882801922586371,360.0,1.0,1,8.724369949208368
324,1,1,3,0,0,15000,0.0,5.703782474656201,360.0,1.0,1,9.615805480084347
325,1,1,1,0,1,8666,4983.0,5.929589143389895,360.0,0.0,0,9.521421537856195
326,1,0,0,0,0,4917,0.0,4.867534450455582,360.0,0.0,1,8.50045386741194
327,1,1,0,0,1,5818,2160.0,5.214935757608986,360.0,1.0,1,8.984443032465352
328,0,1,0,0,0,4333,2451.0,4.700480365792417,360.0,1.0,0,8.822322177471738
329,0,0,0,0,0,2500,0.0,4.204692619390966,360.0,1.0,1,7.824046010856292
330,1,0,1,0,0,4384,1793.0,4.762173934797756,360.0,1.0,1,8.728587995695898
331,1,0,0,0,0,2935,0.0,4.584967478670572,360.0,1.0,1,7.984462732262196
332,1,0,0,0,0,2833,0.0,4.2626798770413155,360.0,1.0,1,7.949091499830517
333,1,1,0,0,0,63337,0.0,6.194405391104672,180.0,1.0,1,11.05622495553552
334,1,1,1,0,1,9833,1833.0,5.204006687076795,180.0,1.0,1,9.364433907313582
335,1,1,0,0,1,5503,4490.0,4.248495242049359,360.0,1.0,1,9.209640126861789
336,1,1,1,0,0,5250,688.0,5.075173815233827,360.0,1.0,1,8.689127655323706
337,1,1,2,0,1,2500,4600.0,5.170483995038151,360.0,1.0,1,8.867850063029406
338,0,0,3,1,0,1830,0.0,4.681893782032281,360.0,0.0,0,7.512071245835466
339,0,0,0,0,0,4160,0.0,4.2626798770413155,360.0,1.0,1,8.333270353255308
340,1,1,3,1,0,2647,1587.0,5.153291594497779,360.0,1.0,0,8.350902451694811
341,0,0,0,0,0,2378,0.0,3.828641396489095,360.0,1.0,0,7.774015077250727
342,1,1,1,1,0,4554,1229.0,5.062595033026967,360.0,1.0,1,8.662677858158219
343,1,1,3,1,0,3173,0.0,4.30406509320417,360.0,1.0,1,8.062432791583195
344,1,1,2,0,0,2583,2330.0,4.8283137373023015,360.0,1.0,1,8.499640032168648
345,1,1,0,0,0,2499,2458.0,5.075173815233827,360.0,1.0,1,8.508555998020574
346,1,1,0,1,0,3523,3230.0,5.0238805208462765,360.0,0.0,0,8.817742129574842
347,1,1,2,1,0,3083,2168.0,4.836281906951478,360.0,1.0,1,8.566173813637858
348,1,1,0,0,0,6333,4583.0,5.556828061699537,360.0,1.0,1,9.29798488182823
349,1,1,0,0,0,2625,6250.0,5.231108616854587,360.0,1.0,1,9.090993614343617
350,1,1,0,0,0,9083,0.0,5.429345628954441,360.0,1.0,1,9.114159813502214
351,1,0,0,0,0,8750,4167.0,5.730099782973574,360.0,1.0,0,9.466299552232016
352,1,1,3,0,0,2666,2083.0,4.553876891600541,360.0,1.0,1,8.465689348549121
353,0,1,0,0,1,5500,0.0,4.653960350157523,360.0,0.0,0,8.612503371220562
354,0,1,0,0,0,2423,505.0,4.867534450455582,360.0,1.0,1,7.982074875081202
355,0,0,0,0,0,3813,0.0,4.7535901911063645,180.0,1.0,1,8.246171559857563
356,1,1,2,0,0,8333,3167.0,5.10594547390058,360.0,1.0,1,9.350102314351341
357,1,1,1,0,0,3875,0.0,4.204692619390966,360.0,1.0,0,8.262300941787448
358,1,1,0,1,0,3000,1666.0,4.605170185988092,480.0,0.0,0,8.448057452581375
359,1,1,3,0,0,5167,3167.0,5.298317366548036,360.0,1.0,1,9.0280988119824
360,0,0,1,0,0,4723,0.0,4.394449154672439,360.0,1.0,0,8.460199469896118
361,1,1,2,0,0,5000,3667.0,5.4638318050256105,360.0,1.0,1,9.067277989134345
362,1,1,0,0,0,4750,2333.0,4.867534450455582,360.0,1.0,1,8.865452825753623
363,1,1,0,0,0,3013,3033.0,4.553876891600541,300.0,1.0,1,8.707152175339404
364,1,0,0,0,1,6822,0.0,4.948759890378168,360.0,1.0,1,8.82790796297859
365,1,0,0,1,0,6216,0.0,4.890349128221754,360.0,1.0,0,8.734881892047483
366,1,0,0,0,0,2500,0.0,4.564348191467836,480.0,1.0,0,7.824046010856292
367,1,0,0,0,0,5124,0.0,4.820281565605037,360.0,0.0,0,8.541690663016626
368,1,1,1,0,0,6325,0.0,5.1647859739235145,360.0,1.0,1,8.752265313595721
369,1,1,0,0,0,19730,5266.0,6.345636360828596,360.0,1.0,0,10.126471091048971
370,0,0,0,0,1,15759,0.0,4.007333185232471,360.0,1.0,1,9.665166909622071
371,1,1,2,0,0,5185,0.0,5.043425116919247,360.0,1.0,1,8.553525120663627
372,1,1,2,0,1,9323,7873.0,5.940171252720432,300.0,1.0,1,9.752432077616172
373,1,0,1,0,0,3062,1987.0,4.709530201312334,180.0,0.0,0,8.526945482858915
374,0,0,0,0,0,2764,1459.0,4.700480365792417,360.0,1.0,1,8.348301054933943
375,1,1,0,0,0,4817,923.0,4.787491742782046,180.0,1.0,1,8.655214489313613
376,1,1,3,0,0,8750,4996.0,4.867534450455582,360.0,1.0,1,9.52850315168155
377,1,1,0,0,0,4310,0.0,4.867534450455582,360.0,1.0,1,8.368693183097793
378,1,0,0,0,0,3069,0.0,4.2626798770413155,480.0,1.0,0,8.029107054619736
379,1,1,2,0,0,5391,0.0,4.867534450455582,360.0,1.0,1,8.592486175451668
380,1,1,0,0,0,3333,2500.0,4.852030263919617,360.0,1.0,1,8.671286726753637
381,1,0,0,0,0,5941,4232.0,5.69035945432406,360.0,1.0,1,9.227492430793749
382,0,0,0,0,0,6000,0.0,5.049856007249537,360.0,1.0,1,8.699514748210191
383,1,0,0,0,1,7167,0.0,4.852030263919617,360.0,1.0,1,8.877242435993919
384,1,1,2,0,0,4566,0.0,4.605170185988092,360.0,1.0,0,8.42639282708974
385,1,0,1,0,0,3667,0.0,4.727387818712341,180.0,1.0,1,8.207129168071326
386,1,0,0,1,0,2346,1600.0,4.882801922586371,360.0,1.0,1,8.28045768658256
387,1,1,0,1,0,3010,3136.0,4.770498352694613,360.0,0.0,0,8.72355674269043
388,1,1,0,0,0,2333,2417.0,4.912654885736052,360.0,1.0,1,8.465899897028686
389,1,1,0,0,0,5488,0.0,4.8283137373023015,360.0,1.0,1,8.610319169405722
390,1,0,3,0,0,9167,0.0,5.220355825078324,360.0,1.0,1,9.123365357961776
391,1,1,3,0,0,9504,0.0,5.616771097666572,360.0,1.0,1,9.159468041602427
392,1,1,0,0,0,2583,2115.0,4.787491742782046,360.0,1.0,1,8.454892165218858
393,1,1,2,1,0,1993,1625.0,4.727387818712341,180.0,1.0,1,8.193676665955241
394,1,1,2,0,0,3100,1400.0,4.727387818712341,360.0,1.0,1,8.411832675758411
395,1,1,2,0,0,3276,484.0,4.90527477843843,360.0,1.0,1,8.23217423638394
396,0,0,0,0,0,3180,0.0,4.2626798770413155,360.0,0.0,0,8.064636475774222
397,1,1,0,0,0,3033,1459.0,4.553876891600541,360.0,1.0,1,8.410053315858335
398,1,0,0,1,0,3902,1666.0,4.6913478822291435,360.0,1.0,1,8.624791202014256
399,0,0,0,0,0,1500,1800.0,4.634728988229636,360.0,0.0,0,8.101677747454572
400,1,1,2,1,0,2889,0.0,3.8066624897703196,180.0,0.0,0,7.968665700466235
401,1,0,0,1,0,2755,0.0,4.174387269895637,300.0,1.0,0,7.9211727215870145
402,1,0,0,0,0,2500,20000.0,4.634728988229636,360.0,1.0,1,10.021270588192511
403,0,0,0,1,0,1963,0.0,3.970291913552122,360.0,1.0,1,7.5822291942764615
404,0,0,0,0,1,7441,0.0,5.267858159063328,360.0,1.0,0,8.914760527397261
405,0,0,0,0,0,4547,0.0,4.74493212836325,360.0,1.0,1,8.42222295382501
406,1,1,0,1,0,2167,2400.0,4.74493212836325,360.0,1.0,1,8.426611813185
407,0,0,0,1,0,2213,0.0,4.189654742026425,360.0,1.0,1,7.70210434005105
408,1,1,1,0,0,8300,0.0,5.0238805208462765,300.0,0.0,0,9.02401079378469
409,1,1,3,0,0,81000,0.0,5.886104031450156,360.0,0.0,0,11.302204433654575
410,0,0,1,1,1,3867,0.0,4.127134385045092,360.0,1.0,0,8.260234291607297
411,1,1,0,0,0,6256,0.0,5.075173815233827,360.0,1.0,1,8.741296282225147
412,1,1,0,1,0,6096,0.0,5.384495062789089,360.0,0.0,0,8.715388097366482
413,1,1,0,1,0,2253,2033.0,4.700480365792417,360.0,1.0,1,8.363109176033522
414,0,1,0,1,0,2149,3237.0,5.181783550292085,360.0,0.0,0,8.591558273371545
415,0,0,0,0,0,2995,0.0,4.0943445622221,360.0,1.0,1,8.00469951054955
416,0,0,1,0,0,2600,0.0,5.075173815233827,360.0,1.0,0,7.8632667240095735
417,1,1,2,0,1,1600,20000.0,5.476463551931511,360.0,1.0,0,9.980448593672257
418,1,1,0,0,0,1025,2773.0,4.718498871295094,360.0,1.0,1,8.242229891372231
419,1,1,0,0,0,3246,1417.0,4.927253685157205,360.0,1.0,1,8.44741429680832
420,1,1,0,0,0,5829,0.0,4.927253685157205,360.0,1.0,1,8.67060073804555
421,0,0,0,1,0,2720,0.0,4.382026634673881,360.0,0.0,0,7.908387159290043
422,1,1,0,0,0,1820,1719.0,4.605170185988092,360.0,1.0,1,8.171599480345463
423,1,1,1,0,0,7250,1667.0,4.700480365792417,360.0,0.0,0,9.095714846134879
424,1,1,0,0,0,14880,0.0,4.564348191467836,360.0,1.0,1,9.607773308387083
425,1,1,0,0,0,2666,4300.0,4.795790545596741,360.0,1.0,1,8.848796450925947
426,0,0,1,1,0,4606,0.0,4.394449154672439,360.0,1.0,0,8.43511508038063
427,1,1,2,0,0,5935,0.0,4.890349128221754,360.0,1.0,1,8.688622307043769
428,1,1,0,0,0,2920,16.12000084,4.465908118654584,360.0,1.0,1,7.984844261119869
429,1,0,0,1,0,2717,0.0,4.0943445622221,180.0,1.0,1,7.907283609426348
430,0,0,1,0,1,8624,0.0,5.0106352940962555,360.0,1.0,1,9.06230429314878
431,1,0,0,0,0,6500,0.0,4.653960350157523,360.0,0.0,0,8.779557455883728
432,1,0,0,0,0,12876,0.0,6.003887067106539,360.0,1.0,1,9.463120392418698
433,1,1,0,0,0,2425,2340.0,4.962844630259907,360.0,1.0,1,8.469052816088302
434,1,0,0,0,0,3750,0.0,4.605170185988092,360.0,1.0,1,8.229511118964457
435,0,1,0,0,0,10047,0.0,5.6468050399136605,240.0,1.0,1,9.215029361462314
436,1,0,0,0,0,1926,1851.0,3.912023005428146,360.0,1.0,1,8.236685322712457
437,1,1,0,0,0,2213,1125.0,4.770498352694613,360.0,1.0,1,8.11312710422178
438,1,0,0,0,1,10416,0.0,5.231108616854587,360.0,0.0,0,9.251098364448351
439,0,1,0,1,1,7142,0.0,4.927253685157205,360.0,1.0,1,8.873748128154395
440,1,0,0,0,0,3660,5064.0,5.231108616854587,360.0,1.0,1,9.07383312732152
441,1,1,0,0,0,7901,1833.0,5.19295685089021,360.0,1.0,1,9.1833801903934
442,1,0,3,1,0,4707,1993.0,4.997212273764115,360.0,1.0,1,8.809862805379057
443,1,0,1,0,0,37719,0.0,5.0238805208462765,360.0,1.0,1,10.537919225261291
444,1,1,0,0,0,7333,8333.0,5.1647859739235145,300.0,1.0,1,9.659248037927183
445,1,1,1,0,1,3466,1210.0,4.867534450455582,360.0,1.0,1,8.450198322591959
446,1,1,2,1,0,4652,0.0,4.700480365792417,360.0,1.0,1,8.445052513638554
447,1,1,0,0,0,3539,1376.0,4.007333185232471,360.0,1.0,0,8.500047032581268
448,1,1,2,0,0,3340,1710.0,5.0106352940962555,360.0,0.0,0,8.527143522269405
449,1,0,1,1,1,2769,1542.0,5.247024072160486,360.0,1.0,0,8.368925174747135
450,1,1,2,1,0,2309,1255.0,4.8283137373023015,360.0,0.0,0,8.1786387885907
451,1,1,2,1,0,1958,1456.0,4.0943445622221,300.0,1.0,1,8.135639903354386
452,1,1,0,0,0,3948,1733.0,5.003946305945459,360.0,0.0,0,8.644882552557126
453,1,1,0,0,0,2483,2466.0,4.499809670330265,180.0,0.0,1,8.506940814951886
454,1,0,0,0,1,7085,0.0,4.430816798843313,360.0,1.0,1,8.865735152124781
455,1,1,2,0,0,3859,0.0,4.564348191467836,360.0,1.0,1,8.258163361537619
456,1,1,0,0,0,4301,0.0,4.770684624465665,360.0,1.0,1,8.366602832783736
457,1,1,0,0,0,3708,2569.0,5.153291594497779,360.0,1.0,0,8.744647438317532
458,1,0,2,0,0,4354,0.0,4.912654885736052,360.0,1.0,1,8.378850241794492
459,1,1,0,0,0,8334,0.0,5.075173815233827,360.0,1.0,0,9.0280988119824
460,1,1,0,0,1,2083,4083.0,5.075173815233827,360.0,1.0,1,8.726805608446096
461,1,1,3,0,0,7740,0.0,4.852030263919617,180.0,1.0,1,8.954156966583772
462,1,1,0,0,0,3015,2188.0,5.030437921392435,360.0,1.0,1,8.556990661290303
463,0,0,1,1,0,5191,0.0,4.882801922586371,360.0,1.0,1,8.55468163582723
464,1,0,0,0,0,4166,0.0,4.584967478670572,360.0,0.0,0,8.334711621820917
465,1,0,0,0,0,6000,0.0,4.941642422609304,360.0,1.0,1,8.699514748210191
466,1,1,3,1,0,2947,1664.0,4.248495242049359,180.0,0.0,0,8.436200032206706
467,1,1,0,0,0,16692,0.0,4.700480365792417,360.0,1.0,1,9.722684841711443
468,0,1,2,1,0,210,2917.0,4.584967478670572,360.0,1.0,1,8.047829357457841
469,1,1,0,0,0,4333,2451.0,4.700480365792417,360.0,1.0,0,8.822322177471738
470,1,1,1,0,1,3450,2079.0,5.087596335232384,360.0,1.0,1,8.617762246337932
471,1,1,1,1,0,2653,1500.0,4.727387818712341,180.0,0.0,0,8.331586243630754
472,1,1,3,0,0,4691,0.0,4.605170185988092,360.0,1.0,1,8.453401058328458
473,0,0,0,0,1,2500,0.0,4.532599493153256,360.0,1.0,1,7.824046010856292
474,1,0,2,0,0,5532,4648.0,5.087596335232384,360.0,1.0,1,9.228180290104513
475,1,1,2,0,1,16525,1014.0,5.0106352940962555,360.0,1.0,1,9.772182251758139
476,1,1,2,0,0,6700,1750.0,5.438079308923196,300.0,1.0,1,9.041921720351219
477,1,1,2,0,0,2873,1872.0,4.882801922586371,360.0,0.0,0,8.464846711044029
478,1,1,1,0,1,16667,2250.0,4.454347296253507,360.0,1.0,1,9.847816267665664
479,1,1,2,0,0,2947,1603.0,4.770498352694613,360.0,1.0,0,8.422882511944996
480,0,0,0,1,0,4350,0.0,5.0369526024136295,360.0,1.0,1,8.37793112408273
481,1,1,3,1,0,3095,0.0,4.727387818712341,360.0,1.0,1,8.037543185118697
482,1,1,0,0,0,2083,3150.0,4.852030263919617,360.0,1.0,1,8.562740006372207
483,1,1,0,0,0,10833,0.0,5.455321115357702,360.0,1.0,1,9.290352309945568
484,1,1,2,0,0,8333,0.0,5.5053315359323625,360.0,1.0,1,9.027978814382207
485,1,1,1,1,0,1958,2436.0,4.875197323201151,360.0,1.0,1,8.387995252944556
486,1,0,2,0,0,3547,0.0,4.382026634673881,360.0,0.0,0,8.173857454773621
487,1,1,1,0,0,18333,0.0,6.214608098422191,360.0,1.0,0,9.816457993563025
488,1,1,2,0,1,4583,2083.0,5.075173815233827,360.0,1.0,1,8.804775258867686
489,1,0,0,0,0,2435,0.0,4.31748811353631,360.0,1.0,0,7.79770203551669
490,1,0,0,1,0,2699,2785.0,4.564348191467836,360.0,1.0,1,8.609590040682205
491,1,1,1,1,0,5333,1131.0,5.225746673713202,360.0,1.0,1,8.774003600200931
492,1,0,0,1,0,3691,0.0,4.700480365792417,360.0,1.0,1,8.213652703029998
493,0,0,0,1,1,17263,0.0,5.41610040220442,360.0,1.0,1,9.756320761816548
494,1,1,0,0,0,3597,2157.0,4.77912349311153,360.0,0.0,0,8.657650544111494
495,0,1,1,0,0,3326,913.0,4.653960350157523,84.0,1.0,1,8.352082671352637
496,1,1,0,1,0,2600,1700.0,4.672828834461906,360.0,1.0,1,8.366370301681654
497,1,1,0,0,0,4625,2857.0,4.709530201312334,12.0,1.0,1,8.920255414908091
498,1,1,1,0,1,2895,0.0,4.553876891600541,360.0,1.0,1,7.970740390007095
499,1,0,0,0,0,6283,4416.0,5.342334251964811,360.0,0.0,0,9.277905558138606
500,0,0,0,0,0,645,3683.0,4.727387818712341,480.0,1.0,1,8.372860820526318
501,0,0,0,0,0,3159,0.0,4.605170185988092,360.0,1.0,1,8.058010800802085
502,1,1,2,0,0,4865,5624.0,5.337538079701318,360.0,1.0,1,9.258082367961604
503,1,1,1,1,0,4050,5302.0,4.927253685157205,360.0,1.0,0,9.143345503151904
504,1,1,0,1,0,3814,1483.0,4.820281565605037,300.0,1.0,1,8.574895901544526
505,1,1,2,0,0,3510,4416.0,5.493061443340548,360.0,1.0,1,8.97790377375038
506,1,1,0,0,0,20833,6667.0,6.173786103901937,360.0,1.0,1,10.221941283654663
507,1,0,0,0,0,3583,0.0,4.564348191467836,360.0,1.0,0,8.183955717304954
508,1,1,0,0,1,2479,3013.0,5.236441962829949,360.0,1.0,1,8.61104776688786
509,0,0,1,0,0,13262,0.0,3.6888794541139363,360.0,1.0,1,9.492658081928813
510,1,0,0,1,0,3598,1287.0,4.605170185988092,360.0,1.0,0,8.493924564476883
511,1,1,1,0,0,6065,2004.0,5.521460917862246,360.0,1.0,1,8.995784837848506
512,1,1,2,0,0,3283,2035.0,4.997212273764115,360.0,1.0,1,8.578852571802965
513,1,1,0,0,0,2130,6666.0,4.248495242049359,180.0,1.0,0,9.082052351674651
514,1,0,0,0,0,5815,3666.0,5.739792912179234,360.0,1.0,0,9.15704507491796
515,1,1,3,0,0,3466,3428.0,5.0106352940962555,360.0,1.0,1,8.83840674707681
516,0,1,2,0,0,2031,1632.0,4.727387818712341,480.0,1.0,1,8.206037762778815
517,1,1,0,1,0,3074,1800.0,4.812184355372417,360.0,0.0,0,8.491670234185152
518,1,0,0,0,0,4683,1915.0,5.220355825078324,360.0,1.0,0,8.794521851788527
519,0,0,0,1,0,3400,0.0,4.553876891600541,360.0,1.0,0,8.131530710604252
520,1,1,2,1,0,2192,1742.0,3.8066624897703196,360.0,1.0,1,8.277411998949004
521,1,0,0,0,0,2500,0.0,4.007333185232471,360.0,1.0,1,7.824046010856292
522,1,1,3,0,1,5677,1424.0,4.605170185988092,360.0,1.0,1,8.867990898182093
523,1,1,2,0,1,7948,7166.0,6.173786103901937,360.0,1.0,1,9.623376745580666
524,1,0,0,0,0,4680,2087.0,4.770498352694613,360.0,1.0,0,8.819813136232225
525,1,1,2,0,1,17500,0.0,5.991464547107982,360.0,1.0,1,9.769956159911606
526,1,1,0,0,0,3775,0.0,4.700480365792417,360.0,1.0,1,8.236155661683124
527,1,1,1,1,0,5285,1430.0,5.081404364984463,360.0,0.0,1,8.812099108957337
528,1,0,1,1,0,2679,1302.0,4.543294782270004,360.0,1.0,1,8.289288323000317
529,1,0,0,1,0,6783,0.0,4.867534450455582,360.0,1.0,1,8.82217476094608
530,1,1,0,0,0,1025,5500.0,5.375278407684165,360.0,1.0,1,8.783396232190894
531,1,1,3,0,0,4281,0.0,4.605170185988092,360.0,1.0,1,8.361941906144946
532,1,0,2,0,0,3588,0.0,4.700480365792417,360.0,0.0,0,8.185350223178686
533,1,0,1,0,0,11250,0.0,5.278114659230517,360.0,1.0,0,9.328123407632566
534,0,0,0,1,1,18165,0.0,4.8283137373023015,360.0,1.0,1,9.807251944655302
535,1,0,0,1,0,2550,2042.0,4.836281906951478,360.0,1.0,1,8.432070937999402
536,1,1,0,0,0,6133,3906.0,5.780743515792329,360.0,1.0,1,9.214232786691527
537,1,0,2,0,0,3617,0.0,4.672828834461906,360.0,1.0,1,8.193400231952097
538,1,1,0,1,0,2917,536.0,4.189654742026425,360.0,1.0,0,8.146998697389993
539,1,1,3,0,0,6417,0.0,5.056245805348308,180.0,1.0,1,8.766705997750515
540,0,1,1,0,0,4608,2845.0,4.941642422609304,180.0,1.0,1,8.916371914881694
541,0,0,0,0,0,2138,0.0,4.59511985013459,360.0,0.0,0,7.6676260915849905
542,0,0,1,0,0,3652,0.0,4.553876891600541,360.0,1.0,1,8.20303024171486
543,1,1,1,1,0,2239,2524.0,4.852030263919617,360.0,1.0,1,8.46863300080086
544,0,1,0,1,0,3017,663.0,4.624972813284271,360.0,1.0,1,8.210668031162976
545,1,1,0,0,0,2768,1950.0,5.043425116919247,360.0,1.0,1,8.45914025996762
546,1,0,0,1,0,3358,0.0,4.382026634673881,36.0,1.0,0,8.119100837637486
547,1,0,0,0,0,2526,1783.0,4.976733742420574,360.0,1.0,1,8.368461137615839
548,0,0,0,0,0,5000,0.0,4.634728988229636,360.0,0.0,0,8.517193191416238
549,1,1,0,0,0,2785,2016.0,4.700480365792417,360.0,1.0,1,8.476579508530941
550,1,1,2,0,1,6633,0.0,5.1980129846265495,360.0,0.0,0,8.799812469525556
551,1,1,1,1,0,2492,2375.0,4.770498352694613,360.0,1.0,1,8.490233009833455
552,1,1,1,0,0,3333,3250.0,5.062595033026967,360.0,1.0,1,8.792245847467877
553,1,1,0,1,0,2454,2333.0,5.198497031265826,360.0,0.0,0,8.473659189392508
554,1,1,0,0,0,3593,4266.0,4.882801922586371,180.0,0.0,0,8.969414650866176
555,1,1,1,0,0,5468,1032.0,3.258096538021482,360.0,1.0,1,8.779557455883728
556,0,0,0,0,0,2667,1625.0,4.430816798843313,360.0,1.0,1,8.36450810375059
557,1,1,3,0,1,10139,0.0,5.560681631015528,360.0,1.0,1,9.22414465295258
558,1,1,0,0,0,3887,2669.0,5.087596335232384,360.0,1.0,1,8.78813593986372
559,0,1,0,0,0,4180,2306.0,5.204006687076795,360.0,1.0,1,8.777401286867264
560,1,1,2,1,0,3675,242.0,4.68213122712422,360.0,1.0,1,8.27308133366583
561,0,1,1,0,1,19484,0.0,6.396929655216146,360.0,1.0,1,9.877348894926433
562,1,1,0,0,0,5923,2054.0,5.351858133476067,360.0,1.0,1,8.984317679911129
563,1,0,0,1,1,5800,0.0,4.882801922586371,360.0,1.0,1,8.66561319653451
564,1,1,2,0,0,8799,0.0,5.552959584921617,360.0,0.0,0,9.08239335764556
565,1,1,0,1,0,4467,0.0,4.787491742782046,360.0,1.0,1,8.404472321352118
566,1,0,0,0,0,3333,0.0,4.248495242049359,360.0,1.0,1,8.11162807830774
567,1,1,3,0,0,3400,2500.0,4.812184355372417,360.0,0.0,0,8.68270762989381
568,0,0,0,0,0,2378,0.0,2.1972245773362196,360.0,1.0,0,7.774015077250727
569,1,1,0,0,0,3166,2064.0,4.6443908991413725,360.0,0.0,0,8.56216655705897
570,1,1,1,0,0,3417,1750.0,5.225746673713202,360.0,1.0,1,8.550047528287184
571,1,1,0,0,0,5116,1451.0,5.10594547390058,360.0,0.0,0,8.789812386190972
572,1,1,2,0,0,16666,0.0,5.616771097666572,360.0,1.0,1,9.721125994942152
573,1,1,2,1,0,6125,1625.0,5.231108616854587,480.0,1.0,0,8.955448122347393
574,1,1,3,0,0,6406,0.0,5.0106352940962555,360.0,1.0,0,8.764990330169104
575,1,1,2,0,0,3159,461.0,4.68213122712422,84.0,1.0,1,8.194229304819817
576,1,1,0,0,0,3087,2210.0,4.912654885736052,360.0,0.0,0,8.574895901544526
577,1,0,0,0,0,3229,2739.0,4.700480365792417,360.0,1.0,1,8.694167141883597
578,1,1,1,0,0,1782,2232.0,4.672828834461906,360.0,1.0,1,8.297543529356284
579,1,0,0,0,0,3182,2917.0,5.081404364984463,360.0,1.0,1,8.715880102296456
580,1,1,2,0,0,6540,0.0,5.3230099791384085,360.0,1.0,1,8.785692444451245
581,1,0,0,0,0,1836,33837.0,4.499809670330265,360.0,1.0,0,10.482149379105689
582,0,1,0,0,0,3166,0.0,3.58351893845611,360.0,1.0,1,8.060224240440958
583,1,1,1,0,0,1880,0.0,4.110873864173311,360.0,1.0,0,7.539027055823995
584,1,1,1,0,0,2787,1917.0,4.983606621708336,360.0,0.0,0,8.456168489578463
585,1,1,1,0,0,4283,3000.0,5.147494476813453,84.0,1.0,0,8.893298144217916
586,1,1,0,0,0,2297,1522.0,4.6443908991413725,360.0,1.0,1,8.247743887225516
587,0,0,0,1,0,2165,0.0,4.248495242049359,360.0,1.0,1,7.68017564043659
588,1,0,0,0,0,4750,0.0,4.543294782270004,360.0,1.0,1,8.465899897028686
589,1,1,2,0,1,2726,0.0,4.663439094112067,360.0,0.0,0,7.9105906122564775
590,1,1,0,0,0,3000,3416.0,4.02535169073515,180.0,1.0,1,8.766550149546351
591,1,1,2,0,1,6000,0.0,5.3230099791384085,240.0,1.0,0,8.699514748210191
592,1,0,3,0,1,9357,0.0,5.676753802268282,360.0,1.0,1,9.143880005275912
593,1,1,0,0,0,3859,3300.0,4.955827057601261,180.0,1.0,1,8.876125585396185
594,1,1,0,0,1,16120,0.0,5.560681631015528,360.0,1.0,1,9.68781601606062
595,1,0,0,1,0,3833,0.0,4.700480365792417,360.0,1.0,1,8.251403065380556
596,1,1,2,1,1,6383,1000.0,5.231108616854587,360.0,1.0,0,8.906935339059165
597,1,0,0,0,0,2987,0.0,4.477336814478207,360.0,0.0,0,8.00202481821611
598,1,1,0,0,1,9963,0.0,5.19295685089021,360.0,1.0,1,9.206633510044856
599,1,1,2,0,0,5780,0.0,5.2574953720277815,360.0,1.0,1,8.662158961666423
600,0,0,3,0,0,416,41667.0,5.857933154483459,180.0,1.0,0,10.647399137646048
601,1,1,0,1,0,2894,2792.0,5.043425116919247,360.0,1.0,1,8.645762292210945
602,1,1,3,0,0,5703,0.0,4.852030263919617,360.0,1.0,1,8.648747631156539
603,1,0,0,0,0,3676,4301.0,5.147494476813453,360.0,1.0,1,8.984317679911129
604,0,1,1,0,0,12000,0.0,6.206575926724928,360.0,1.0,1,9.392661928770137
605,1,1,0,1,0,2400,3800.0,4.770498352694613,180.0,1.0,0,8.732304571033183
606,1,1,1,0,0,3400,2500.0,5.153291594497779,360.0,1.0,1,8.68270762989381
607,1,1,2,1,0,3987,1411.0,5.056245805348308,360.0,1.0,1,8.59378379357795
608,1,1,0,0,0,3232,1950.0,4.68213122712422,360.0,1.0,1,8.552946361122055
609,0,0,0,0,0,2900,0.0,4.2626798770413155,360.0,1.0,1,7.9724660159745655
610,1,1,3,0,0,4106,0.0,3.6888794541139363,180.0,1.0,1,8.32020459757888
611,1,1,1,0,0,8072,240.0,5.53338948872752,360.0,1.0,1,9.025455532779063
612,1,1,2,0,0,7583,0.0,5.231108616854587,360.0,1.0,1,8.933664178700935
613,0,0,0,0,1,4583,0.0,4.890349128221754,360.0,0.0,0,8.430109084509125
